field_name,dk_column_name,description,dataset,data_source,source_link,year
gini_index_est,ACS - Gini Index of Income Inequality - Estimate,estimate-gini index,B19083 Gini Index of Income Inequality,US Census American Community Survey (5-year estimates),https://data.census.gov/table/ACSDT5Y2022.B19083?q=B19083: Gini Index of Income Inequality&g=010XX00US$1400000,2022
med_mortgage_loan,Median Mortgage Loan Amount (HMDA LAR),median amount for mortgage loans reported (HDMA LAR),"Home Mortgage Disclosure Act (HMDA) Modified Loan/Application 
Register (LAR) - 2022",U.S. Federal Financial Institutions Examination Council (FFIEC),https://ffiec.cfpb.gov/data-publication/modified-lar/2023,2022
pop_pct_60plus_est,ACS - Population Percentage by Age (60 years and older) - Estimate,,S0101 Age and Sex ,US Census American Community Survey (5-year estimates),https://data.census.gov/table/ACSST5Y2022.S0101?q=S0101:%20Age%20and%20Sex&g=010XX00US$1400016,2022
med_hh_inc_est,ACS - Median Household Income last 12 months (in 2022 Inflation-Adjusted Dollars) - Estimate,estimate-median income (dollars)-household income by race and hispanic or latino origin of householder-households,S1903 Median Income in the Past 12 Months (in 2022 Inflation-Adjusted Dollars),US Census American Community Survey (5-year estimates),https://data.census.gov/table/ACSST5Y2022.S1903?q=S1903: Median Income in the Past 12 Months (in 2022 Inflation-Adjusted Dollars)&g=010XX00US$1400000,2022
housecost_owner_est,ACS - Median Monthly Housing Cost (Occupied Housing Units) - By ownership status - Owner-occupied Housing Units - Estimate,estimate-owner-occupied housing units-occupied housing units-monthly housing costs-median (dollars),S2503 Financial Characteristics,US Census American Community Survey (5-year estimates),https://data.census.gov/table/ACSST5Y2022.S2503?q=S2503:%20Financial%20Characteristics&g=010XX00US$1400002,2022
housecost_rent_est,ACS - Median Monthly Housing Cost (Occupied Housing Units) - By ownership status - Renter-occupied Housing Units - Estimate,estimate-renter-occupied housing units-occupied housing units-monthly housing costs-median (dollars),S2503 Financial Characteristics,US Census American Community Survey (5-year estimates),https://data.census.gov/table/ACSST5Y2022.S2503?q=S2503:%20Financial%20Characteristics&g=010XX00US$1400004,2022
